[
    {
        "message": "44.0",
        "date": "2022-10-25 08:24:45.562731"
    },
    {
        "message": "45.0",
        "date": "2022-10-25 08:25:00.967949"
    },
    {
        "message": "46.0",
        "date": "2022-10-25 08:25:10.245904"
    },
    {
        "message": "47.0",
        "date": "2022-10-25 08:25:28.648643"
    },
    {
        "message": "48.0",
        "date": "2022-10-25 08:25:53.220305"
    },
    {
        "message": "49.0",
        "date": "2022-10-25 08:26:14.735121"
    },
    {
        "message": "48.0",
        "date": "2022-10-25 08:26:33.335033"
    },
    {
        "message": "47.0",
        "date": "2022-10-25 08:26:43.536633"
    },
    {
        "message": "46.0",
        "date": "2022-10-25 08:26:55.816713"
    },
    {
        "message": "45.0",
        "date": "2022-10-25 09:30:51.620793"
    },
    {
        "message": "46.0",
        "date": "2022-10-25 09:31:13.165670"
    },
    {
        "message": "45.0",
        "date": "2022-10-25 09:31:22.476715"
    }
]